Dataset,Ridge,MAE,RMSE,MAPE
corona,0.00000001,0.185234,0.266404,0.123577
corona,0.00010000,0.178175,0.257500,0.122102
corona,1.00000000,0.180317,0.263498,0.119012
corona,10.00000000,0.179317,0.253841,0.119165
corona,1.69007776,0.187025,0.264927,0.125669
cranium,0.00000001,0.072172,0.100513,0.034138
cranium,0.00010000,0.069889,0.094913,0.034346
cranium,1.00000000,0.068920,0.097468,0.033698
cranium,10.00000000,0.072301,0.098913,0.034045
cranium,0.00000001,0.069017,0.096996,0.032251
cubus,0.00000001,0.250608,0.344024,0.040541
cubus,0.00010000,0.245823,0.324650,0.040239
cubus,1.00000000,0.236017,0.318687,0.038397
cubus,10.00000000,0.249370,0.333543,0.039869
cubus,0.00000001,0.246537,0.340779,0.040225
flame,0.00000001,0.059213,0.080202,0.032651
flame,0.00010000,0.058450,0.077045,0.032863
flame,1.00000000,0.056505,0.075147,0.031356
flame,10.00000000,0.059128,0.076839,0.032322
flame,0.13813990,0.060862,0.080541,0.033865
france,0.00000001,0.151913,0.199784,0.040783
france,0.00010000,0.145727,0.187612,0.040956
france,1.00000000,0.141906,0.184212,0.039794
france,10.00000000,0.149747,0.197465,0.039721
france,0.00000001,0.148173,0.195635,0.038932
frisco,0.00000001,0.247415,0.327575,0.050634
frisco,0.00010000,0.245021,0.328227,0.051505
frisco,1.00000000,0.246405,0.335589,0.051135
frisco,10.00000000,0.248120,0.326355,0.050488
frisco,1.69007776,0.245631,0.321547,0.050236
jelly,0.00000001,0.328524,0.453094,0.170910
jelly,0.00010000,0.317103,0.433202,0.171319
jelly,1.00000000,0.323178,0.450685,0.169645
jelly,10.00000000,0.325359,0.443608,0.166519
jelly,5.93487426,0.329712,0.452830,0.169820
karte,0.00000001,1.530605,1.903306,0.155377
karte,0.00010000,1.503844,1.832578,0.152396
karte,1.00000000,1.456693,1.788960,0.144997
karte,10.00000000,1.499297,1.841851,0.148063
karte,0.19820683,1.515458,1.960709,0.154642
mandelbrot,0.00000001,0.061568,0.085146,0.046421
mandelbrot,0.00010000,0.060066,0.082883,0.045730
mandelbrot,1.00000000,0.060454,0.081754,0.045799
mandelbrot,10.00000000,0.060697,0.084312,0.045156
mandelbrot,1.69007776,0.062197,0.085242,0.046855
strawberry,0.00000001,0.096485,0.134418,0.055602
strawberry,0.00010000,0.090938,0.128670,0.053933
strawberry,1.00000000,0.092325,0.133102,0.054204
strawberry,10.00000000,0.095463,0.130220,0.054947
strawberry,1.69007776,0.094760,0.131920,0.054556
village,0.00000001,1.819633,2.512295,0.569383
village,0.00010000,1.797136,2.411938,0.594304
village,1.00000000,1.815870,2.511838,0.574889
village,10.00000000,1.765756,2.407899,0.539619
village,5.93487426,1.764157,2.400189,0.541559
jpeg-large,0.00000001,0.419900,0.565410,0.137296
jpeg-large,0.00010000,0.415861,0.562048,0.134312
jpeg-large,1.00000000,0.433222,0.567485,0.143677
jpeg-large,10.00000000,0.401591,0.547792,0.128455
jpeg-large,2.55404287,0.416661,0.552521,0.136687
jpeg-medium,0.00000001,0.177999,0.240894,0.103296
jpeg-medium,0.00010000,0.175688,0.238745,0.101070
jpeg-medium,1.00000000,0.184389,0.241849,0.108439
jpeg-medium,10.00000000,0.170860,0.233460,0.097537
jpeg-medium,2.55404287,0.177864,0.236729,0.103489
jpeg-small,0.00000001,0.015133,0.019254,0.035333
jpeg-small,0.00010000,0.014910,0.019140,0.034652
jpeg-small,1.00000000,0.014541,0.018509,0.034090
jpeg-small,10.00000000,0.015214,0.019717,0.035321
jpeg-small,2.55404287,0.014804,0.018902,0.034519
png-large,0.00000001,0.219314,0.283698,0.092699
png-large,0.00010000,0.215411,0.273477,0.091327
png-large,1.00000000,0.222001,0.278377,0.096228
png-large,10.00000000,0.211106,0.272073,0.088316
png-large,2.55404287,0.216744,0.275957,0.092654
png-medium,0.00000001,0.023441,0.029622,0.036072
png-medium,0.00010000,0.022819,0.028765,0.035140
png-medium,1.00000000,0.023110,0.028909,0.035852
png-medium,10.00000000,0.023004,0.028998,0.035236
png-medium,2.55404287,0.023222,0.029220,0.035901
png-small,0.00000001,0.014742,0.019569,0.032698
png-small,0.00010000,0.014720,0.019096,0.032886
png-small,1.00000000,0.014723,0.019360,0.032899
png-small,10.00000000,0.014830,0.019322,0.032872
png-small,2.55404287,0.014842,0.019077,0.033183
psd-large,0.00000001,0.541270,0.890793,0.014373
psd-large,0.00010000,0.534883,0.891651,0.014210
psd-large,1.00000000,0.532709,0.868591,0.014659
psd-large,10.00000000,0.542255,0.886989,0.014443
psd-large,0.00000001,0.528743,0.856446,0.014276
psd-medium,0.00000001,0.068899,0.091918,0.052928
psd-medium,0.00010000,0.067087,0.088671,0.051739
psd-medium,1.00000000,0.068549,0.089010,0.053550
psd-medium,10.00000000,0.065293,0.086910,0.049928
psd-medium,2.55404287,0.067274,0.088404,0.052076
psd-small,0.00000001,0.020309,0.025233,0.036404
psd-small,0.00010000,0.019797,0.024633,0.035394
psd-small,1.00000000,0.020308,0.025320,0.036370
psd-small,10.00000000,0.020192,0.025029,0.036020
psd-small,2.55404287,0.020128,0.025145,0.036073
svg-large,0.00000001,0.029951,0.038150,0.019870
svg-large,0.00010000,0.030620,0.040292,0.020230
svg-large,1.00000000,0.030453,0.039256,0.020229
svg-large,10.00000000,0.030637,0.039839,0.020296
svg-large,2.55404287,0.030312,0.038898,0.020121
svg-medium,0.00000001,0.026098,0.032929,0.016948
svg-medium,0.00010000,0.027564,0.034301,0.017898
svg-medium,1.00000000,0.025755,0.032422,0.016769
svg-medium,10.00000000,0.026404,0.032881,0.017159
svg-medium,2.55404287,0.026868,0.033675,0.017470
svg-small,0.00000001,0.020359,0.025489,0.036077
svg-small,0.00010000,0.020621,0.025911,0.036473
svg-small,1.00000000,0.019445,0.024598,0.034469
svg-small,10.00000000,0.019654,0.024640,0.034840
svg-small,2.55404287,0.020100,0.025086,0.035790
smallbank-1,0.00000001,1110.245570,1322.563442,0.056671
smallbank-1,0.00010000,1130.896245,1368.450253,0.058197
smallbank-1,1.00000000,1153.450314,1384.654646,0.058750
smallbank-1,10.00000000,1119.560854,1349.375335,0.056863
smallbank-1,1.12979515,1105.709478,1339.136845,0.056353
smallbank-10,0.00000001,618.779167,751.291715,0.045276
smallbank-10,0.00010000,642.452219,781.494904,0.048145
smallbank-10,1.00000000,627.887246,744.845143,0.046231
smallbank-10,10.00000000,617.765435,742.629882,0.045129
smallbank-10,4.05073604,618.372342,750.080906,0.045725
tpcc-2,0.00000001,31.222895,38.593033,0.042653
tpcc-2,0.00010000,30.899801,38.298160,0.042598
tpcc-2,1.00000000,30.522586,37.627616,0.041632
tpcc-2,10.00000000,28.618939,36.095219,0.039043
tpcc-2,4.05073604,30.873296,38.082023,0.042311
tpcc-8,0.00000001,106.236395,159.217615,0.194595
tpcc-8,0.00010000,102.037170,159.684832,0.201553
tpcc-8,1.00000000,104.958747,159.371705,0.194814
tpcc-8,10.00000000,107.527038,163.567804,0.200057
tpcc-8,4.05073604,103.154848,159.900201,0.198756
voter-16,0.00000001,2403.499454,2665.078336,0.076265
voter-16,0.00010000,2418.827478,2689.604456,0.077750
voter-16,1.00000000,2403.343488,2640.613186,0.076338
voter-16,10.00000000,2373.204615,2610.353935,0.075534
voter-16,0.82559852,2397.668829,2682.041799,0.076718
voter-2,0.00000001,2494.721019,2769.956229,0.079173
voter-2,0.00010000,2490.372692,2778.067403,0.080673
voter-2,1.00000000,2525.009340,2794.095923,0.080576
voter-2,10.00000000,2455.662099,2682.972419,0.078282
voter-2,4.05073604,2456.932966,2768.306221,0.078963
ycsb-2400,0.00000001,1288.913065,1577.740535,0.091242
ycsb-2400,0.00010000,1282.094327,1564.081934,0.092615
ycsb-2400,1.00000000,1293.414021,1600.666867,0.091075
ycsb-2400,10.00000000,1292.235334,1602.612704,0.090922
ycsb-2400,4.05073604,1265.495888,1570.697343,0.089521
ycsb-600,0.00000001,1652.422609,2022.186419,0.082861
ycsb-600,0.00010000,1684.777287,2083.683492,0.085254
ycsb-600,1.00000000,1688.581688,2066.105280,0.083503
ycsb-600,10.00000000,1626.982869,2044.225396,0.080664
ycsb-600,4.05073604,1681.568021,2090.255809,0.082759
beethoven.wav,0.00000001,2.275234,2.911289,0.258184
beethoven.wav,0.00010000,2.287186,2.932280,0.256931
beethoven.wav,1.00000000,2.252174,2.931071,0.257373
beethoven.wav,10.00000000,2.221362,2.854021,0.261850
beethoven.wav,5.26752048,2.233050,2.855273,0.251371
dual-channel.wav,0.00000001,0.611244,0.838367,0.231820
dual-channel.wav,0.00010000,0.603705,0.821258,0.229390
dual-channel.wav,1.00000000,0.600497,0.840101,0.227505
dual-channel.wav,10.00000000,0.622058,0.871876,0.243218
dual-channel.wav,5.26752048,0.619280,0.875189,0.233022
helix.wav,0.00000001,1.099661,1.499386,0.251921
helix.wav,0.00010000,1.085123,1.455735,0.252744
helix.wav,1.00000000,1.077070,1.563538,0.247333
helix.wav,10.00000000,1.122998,1.738068,0.265323
helix.wav,5.26752048,1.071033,1.477350,0.249833
single-channel.wav,0.00000001,0.333452,0.437675,0.193917
single-channel.wav,0.00010000,0.321525,0.419773,0.187414
single-channel.wav,1.00000000,0.321034,0.422668,0.186778
single-channel.wav,10.00000000,0.326813,0.434138,0.193404
single-channel.wav,5.26752048,0.318485,0.417855,0.186748
speech.wav,0.00000001,0.816003,1.036797,0.201990
speech.wav,0.00010000,0.818124,1.039892,0.195743
speech.wav,1.00000000,0.822441,1.039987,0.200099
speech.wav,10.00000000,0.802920,1.006946,0.205956
speech.wav,5.26752048,0.801898,1.020394,0.195162
sweep.wav,0.00000001,0.069615,0.088676,0.118955
sweep.wav,0.00010000,0.069930,0.088342,0.119458
sweep.wav,1.00000000,0.070365,0.089443,0.119800
sweep.wav,10.00000000,0.070106,0.089293,0.121821
sweep.wav,5.26752048,0.068301,0.086499,0.116288
ambivert,0.00000001,16.786896,27.196131,1.499149
ambivert,0.00010000,17.872436,28.727772,1.330625
ambivert,1.00000000,17.491637,27.996631,1.443111
ambivert,10.00000000,16.426071,27.045540,1.442614
ambivert,2.31076916,17.078736,27.722563,1.557959
artificl,0.00000001,0.197124,0.284905,0.491851
artificl,0.00010000,0.203693,0.303075,0.464838
artificl,1.00000000,0.204542,0.300060,0.480527
artificl,10.00000000,0.189057,0.277724,0.476532
artificl,2.31076916,0.199712,0.288061,0.504864
deepfield,0.00000001,18.964560,28.866526,18.683556
deepfield,0.00010000,19.571197,29.852792,16.889856
deepfield,1.00000000,19.360681,29.344125,17.834272
deepfield,10.00000000,18.538156,28.647338,17.603683
deepfield,2.31076916,18.924627,28.863404,18.822258
enwik8,0.00000001,39.563339,61.805853,2.765819
enwik8,0.00010000,41.532493,65.054443,2.400241
enwik8,1.00000000,40.984363,63.468975,2.720042
enwik8,10.00000000,38.376562,61.181506,2.843209
enwik8,2.31076916,39.910267,62.334995,2.894227
fannie_mae_500k,0.00000001,35.076676,53.599599,4.343348
fannie_mae_500k,0.00010000,36.551136,56.419758,3.791184
fannie_mae_500k,1.00000000,35.884848,54.896023,4.162506
fannie_mae_500k,10.00000000,33.865705,53.071876,4.298702
fannie_mae_500k,2.31076916,35.111206,53.878601,4.554372
large,0.00000001,4.404208,6.840486,1.465384
large,0.00010000,4.608222,7.210334,1.345936
large,1.00000000,4.531023,7.007012,1.470021
large,10.00000000,4.261954,6.776852,1.457164
large,1.41875146,4.431930,6.891776,1.522556
misc,0.00000001,0.409932,0.605629,0.495145
misc,0.00010000,0.426706,0.644896,0.454208
misc,1.00000000,0.416432,0.618745,0.479887
misc,10.00000000,0.394258,0.599404,0.477462
misc,2.31076916,0.406058,0.608701,0.493522
silesia,0.00000001,82.350378,128.233770,3.063843
silesia,0.00010000,86.754103,135.861692,2.702485
silesia,1.00000000,85.228293,131.850682,3.005776
silesia,10.00000000,80.025023,127.242150,3.155815
silesia,2.31076916,83.019166,129.422918,3.208178
vmlinux,0.00000001,159.432445,217.875065,30.539534
vmlinux,0.00010000,167.150552,224.010306,26.004038
vmlinux,1.00000000,168.417771,226.298521,30.039223
vmlinux,10.00000000,159.760416,227.262815,27.087789
vmlinux,0.00000001,170.244580,228.362581,29.371152
ambivert.wav.tar,0.00000001,14.513969,21.253966,1.699852
ambivert.wav.tar,0.00010000,15.230173,24.979454,1.327585
ambivert.wav.tar,1.00000000,12.209178,18.031813,1.798540
ambivert.wav.tar,10.00000000,17.070615,28.643309,1.498909
ambivert.wav.tar,9.83220392,14.711085,24.364551,1.466131
artificl.tar,0.00000001,1.245048,1.417575,13.875533
artificl.tar,0.00010000,1.297457,1.455925,13.255764
artificl.tar,1.00000000,1.260465,1.422464,16.732405
artificl.tar,10.00000000,1.224498,1.385420,15.198534
artificl.tar,9.83220392,1.289931,1.411763,15.628992
deepfield.tar,0.00000001,14.281386,20.810384,1.667839
deepfield.tar,0.00010000,14.216458,22.814840,1.423029
deepfield.tar,1.00000000,11.921780,17.022900,1.780159
deepfield.tar,10.00000000,16.035943,27.459230,1.356132
deepfield.tar,9.83220392,14.576061,24.042733,1.470648
enwik8.tar,0.00000001,21.258004,29.265324,1.161191
enwik8.tar,0.00010000,19.992966,28.706913,0.992238
enwik8.tar,1.00000000,17.068131,22.358043,1.169539
enwik8.tar,10.00000000,20.130774,31.587073,0.989508
enwik8.tar,9.83220392,19.161232,28.663982,1.053778
fannie_mae_500k.tar,0.00000001,5.752313,7.453375,0.135409
fannie_mae_500k.tar,0.00010000,5.376571,7.997970,0.117821
fannie_mae_500k.tar,1.00000000,4.728750,6.397427,0.115731
fannie_mae_500k.tar,10.00000000,5.863875,8.729624,0.129329
fannie_mae_500k.tar,9.83220392,5.349895,8.091543,0.118742
large.tar,0.00000001,2.561019,3.132841,1.116313
large.tar,0.00010000,2.390242,3.200945,0.892802
large.tar,1.00000000,2.208335,2.814178,1.111869
large.tar,10.00000000,2.326620,3.110466,1.062810
large.tar,9.83220392,2.349406,3.228500,1.037363
misc.tar,0.00000001,1.218276,1.404894,2.766669
misc.tar,0.00010000,1.298299,1.497194,2.581643
misc.tar,1.00000000,1.249415,1.453371,3.209343
misc.tar,10.00000000,1.198957,1.394363,2.959833
misc.tar,9.83220392,1.366886,1.515020,2.987970
silesia.tar,0.00000001,35.133471,47.476021,1.340921
silesia.tar,0.00010000,33.911334,49.195744,1.127461
silesia.tar,1.00000000,28.739545,37.407410,1.357801
silesia.tar,10.00000000,34.359183,54.355527,1.143330
silesia.tar,9.83220392,31.811850,47.606964,1.203599
uiq-32.bin,0.00000001,59.652144,80.116732,2.198290
uiq-32.bin,0.00010000,56.202678,78.526681,1.844337
uiq-32.bin,1.00000000,49.994060,67.312344,2.240979
uiq-32.bin,10.00000000,56.380621,88.380681,1.879981
uiq-32.bin,9.83220392,51.024344,71.426020,2.056357
uiq2-16.bin,0.00000001,31.664857,42.428657,1.994500
uiq2-16.bin,0.00010000,30.725979,44.907313,1.630805
uiq2-16.bin,1.00000000,26.249182,33.832865,2.087761
uiq2-16.bin,10.00000000,31.260738,49.160155,1.723392
uiq2-16.bin,9.83220392,29.473215,45.361502,1.747245
uiq2-4.bin,0.00000001,7.294031,9.980610,1.321749
uiq2-4.bin,0.00010000,7.293366,11.353486,1.131998
uiq2-4.bin,1.00000000,6.264854,8.946311,1.391997
uiq2-4.bin,10.00000000,7.913542,12.808450,1.155001
uiq2-4.bin,9.83220392,7.050737,11.043979,1.180349
uiq2-8.bin,0.00000001,15.461184,20.599360,1.594982
uiq2-8.bin,0.00010000,15.590378,23.448687,1.310475
uiq2-8.bin,1.00000000,13.011154,16.718474,1.651050
uiq2-8.bin,10.00000000,15.854248,25.502864,1.342981
uiq2-8.bin,9.83220392,14.749779,22.613037,1.420597
vmlinux-5.10.tar,0.00000001,5.088248,6.619478,0.910067
vmlinux-5.10.tar,0.00010000,4.725412,7.251064,0.740460
vmlinux-5.10.tar,1.00000000,4.192664,5.767010,0.881003
vmlinux-5.10.tar,10.00000000,5.171191,7.978150,0.777530
vmlinux-5.10.tar,9.83220392,4.684829,7.369623,0.759571
blue_sky_1080p25_short.y4m,0.00000001,3.080316,3.944731,0.780353
blue_sky_1080p25_short.y4m,0.00010000,3.115158,4.037759,0.755825
blue_sky_1080p25_short.y4m,1.00000000,3.158175,4.055322,0.777242
blue_sky_1080p25_short.y4m,10.00000000,3.123768,3.929457,0.823182
blue_sky_1080p25_short.y4m,8.00105984,3.001534,3.900418,0.730701
Johnny_1280x720_60_short.y4m,0.00000001,2.533349,3.265672,0.876051
Johnny_1280x720_60_short.y4m,0.00010000,2.544845,3.333357,0.842308
Johnny_1280x720_60_short.y4m,1.00000000,2.596186,3.366675,0.880730
Johnny_1280x720_60_short.y4m,10.00000000,2.544006,3.225278,0.945776
Johnny_1280x720_60_short.y4m,4.54783086,2.467130,3.231374,0.836008
Netflix_Crosswalk_4096x2160_60fps_10bit_420_short.y4m,0.00000001,8.507839,10.889280,0.772682
Netflix_Crosswalk_4096x2160_60fps_10bit_420_short.y4m,0.00010000,8.592589,11.201173,0.752648
Netflix_Crosswalk_4096x2160_60fps_10bit_420_short.y4m,1.00000000,8.744251,11.247915,0.777765
Netflix_Crosswalk_4096x2160_60fps_10bit_420_short.y4m,10.00000000,8.682001,10.973629,0.826162
Netflix_Crosswalk_4096x2160_60fps_10bit_420_short.y4m,1.86442087,8.363645,10.837394,0.738328
pedestrian_area_1080p25_short.y4m,0.00000001,3.523869,4.501024,0.708733
pedestrian_area_1080p25_short.y4m,0.00010000,3.580628,4.628518,0.701241
pedestrian_area_1080p25_short.y4m,1.00000000,3.565381,4.582082,0.710748
pedestrian_area_1080p25_short.y4m,10.00000000,3.566815,4.579370,0.730416
pedestrian_area_1080p25_short.y4m,8.00105984,3.419186,4.409723,0.668982
riverbed_1080p25_short.y4m,0.00000001,6.612311,8.618458,0.658343
riverbed_1080p25_short.y4m,0.00010000,6.709241,8.859496,0.657473
riverbed_1080p25_short.y4m,1.00000000,6.697460,8.785234,0.656701
riverbed_1080p25_short.y4m,10.00000000,6.692062,8.850535,0.665080
riverbed_1080p25_short.y4m,4.54783086,6.343230,8.306411,0.620990
sd_bridge_close_cif_short.y4m,0.00000001,0.140257,0.177654,0.528980
sd_bridge_close_cif_short.y4m,0.00010000,0.139127,0.178729,0.506162
sd_bridge_close_cif_short.y4m,1.00000000,0.140246,0.179151,0.510685
sd_bridge_close_cif_short.y4m,10.00000000,0.143305,0.181282,0.545595
sd_bridge_close_cif_short.y4m,8.00105984,0.134287,0.172173,0.493278
sd_city_4cif_short.y4m,0.00000001,1.462401,1.855123,0.814956
sd_city_4cif_short.y4m,0.00010000,1.477039,1.907900,0.816735
sd_city_4cif_short.y4m,1.00000000,1.478839,1.892815,0.821133
sd_city_4cif_short.y4m,10.00000000,1.477394,1.890529,0.845436
sd_city_4cif_short.y4m,8.00105984,1.418930,1.814622,0.781082
sd_crew_cif_short.y4m,0.00000001,0.242458,0.309591,0.617204
sd_crew_cif_short.y4m,0.00010000,0.244184,0.316419,0.617672
sd_crew_cif_short.y4m,1.00000000,0.245465,0.315864,0.615262
sd_crew_cif_short.y4m,10.00000000,0.246695,0.318380,0.631874
sd_crew_cif_short.y4m,8.00105984,0.235533,0.301556,0.588044
sintel_trailer_2k_720p24_short.y4m,0.00000001,0.366902,0.456649,0.518343
sintel_trailer_2k_720p24_short.y4m,0.00010000,0.369866,0.468903,0.500672
sintel_trailer_2k_720p24_short.y4m,1.00000000,0.366775,0.458895,0.507190
sintel_trailer_2k_720p24_short.y4m,10.00000000,0.367939,0.456325,0.536010
sintel_trailer_2k_720p24_short.y4m,4.54783086,0.357705,0.447668,0.493967
ambivert.wav.tar,0.00000001,12.963092,16.880279,1.277775
ambivert.wav.tar,0.00010000,13.124552,16.887093,1.339905
ambivert.wav.tar,1.00000000,13.869871,17.787036,1.377246
ambivert.wav.tar,10.00000000,12.833588,16.783965,1.311362
ambivert.wav.tar,6.33025995,12.959411,16.557031,1.302773
artificl.tar,0.00000001,0.006391,0.007618,0.276030
artificl.tar,0.00010000,0.006518,0.007783,0.307403
artificl.tar,1.00000000,0.006328,0.007479,0.280522
artificl.tar,10.00000000,0.006257,0.007461,0.294043
artificl.tar,6.33025995,0.006285,0.007505,0.280851
deepfield.tar,0.00000001,6.124774,8.449232,0.612058
deepfield.tar,0.00010000,5.947688,8.993276,0.604311
deepfield.tar,1.00000000,5.693458,7.838380,0.604278
deepfield.tar,10.00000000,5.671484,7.748353,0.621990
deepfield.tar,6.33025995,5.532421,7.502786,0.609927
enwik8.tar,0.00000001,70.070160,92.698343,1.915914
enwik8.tar,0.00010000,72.264737,91.532207,2.008650
enwik8.tar,1.00000000,75.727015,101.742039,1.957831
enwik8.tar,10.00000000,68.445446,89.877648,1.950295
enwik8.tar,6.33025995,67.945106,86.288331,1.962158
fannie_mae_500k.tar,0.00000001,30.069050,36.061452,0.859419
fannie_mae_500k.tar,0.00010000,29.955412,35.710269,0.910328
fannie_mae_500k.tar,1.00000000,30.487974,36.622109,0.893587
fannie_mae_500k.tar,10.00000000,29.536190,35.726499,0.915399
fannie_mae_500k.tar,6.33025995,29.570216,35.952068,0.848618
large.tar,0.00000001,1.886097,2.337395,0.423037
large.tar,0.00010000,1.834805,2.260508,0.436075
large.tar,1.00000000,1.823996,2.240652,0.416655
large.tar,10.00000000,1.803360,2.255326,0.423204
large.tar,4.49550129,1.831985,2.330832,0.407818
misc.tar,0.00000001,0.085141,0.112193,0.227010
misc.tar,0.00010000,0.087112,0.113229,0.222141
misc.tar,1.00000000,0.089529,0.119182,0.220042
misc.tar,10.00000000,0.086042,0.116871,0.225926
misc.tar,4.49550129,0.087446,0.113653,0.235807
silesia.tar,0.00000001,59.840439,76.111096,0.898035
silesia.tar,0.00010000,62.877015,77.920709,0.937974
silesia.tar,1.00000000,64.517423,81.676897,0.936514
silesia.tar,10.00000000,60.395033,76.936329,0.940433
silesia.tar,6.33025995,58.767448,74.726768,0.906197
uiq-32.bin,0.00000001,72.085850,91.132023,1.156330
uiq-32.bin,0.00010000,74.709923,96.497640,1.174199
uiq-32.bin,1.00000000,75.246781,96.285060,1.172885
uiq-32.bin,10.00000000,70.357198,88.858215,1.189201
uiq-32.bin,0.00000003,69.863829,87.032940,1.176070
uiq2-16.bin,0.00000001,31.910166,42.007411,1.056432
uiq2-16.bin,0.00010000,33.602911,47.033559,1.048347
uiq2-16.bin,1.00000000,32.751760,43.062026,1.054711
uiq2-16.bin,10.00000000,30.623549,38.898100,1.045792
uiq2-16.bin,1.53728050,31.091927,39.253254,1.080340
uiq2-4.bin,0.00000001,4.426326,5.932859,0.610570
uiq2-4.bin,0.00010000,4.495357,6.655149,0.589575
uiq2-4.bin,1.00000000,4.351823,6.005484,0.587458
uiq2-4.bin,10.00000000,4.132068,5.535633,0.600329
uiq2-4.bin,6.33025995,4.227932,5.484089,0.632104
uiq2-8.bin,0.00000001,12.053637,15.677705,0.799075
uiq2-8.bin,0.00010000,12.115993,16.546702,0.792528
uiq2-8.bin,1.00000000,12.093336,17.182190,0.803851
uiq2-8.bin,10.00000000,11.366390,15.901843,0.794584
uiq2-8.bin,6.33025995,11.569577,15.404113,0.823284
vmlinux-5.10.tar,0.00000001,1.919391,2.284387,0.284826
vmlinux-5.10.tar,0.00010000,1.943097,2.400467,0.285178
vmlinux-5.10.tar,1.00000000,1.916086,2.326702,0.280881
vmlinux-5.10.tar,10.00000000,1.838428,2.204695,0.285888
vmlinux-5.10.tar,1.86339472,1.796679,2.150402,0.280894
AUFNIRA_z3.637557.smt2,0.00000001,91.834658,101.462983,7.837093
AUFNIRA_z3.637557.smt2,0.00010000,92.947127,105.425498,6.726738
AUFNIRA_z3.637557.smt2,1.00000000,87.974810,99.317599,7.519241
AUFNIRA_z3.637557.smt2,10.00000000,89.851686,100.748800,7.456308
AUFNIRA_z3.637557.smt2,8.21201319,93.451630,104.303550,7.183917
LRA_formula_277.smt2,0.00000001,0.323280,0.329438,0.107855
LRA_formula_277.smt2,0.00010000,0.318250,0.322370,0.113810
LRA_formula_277.smt2,1.00000000,0.322938,0.328755,0.109619
LRA_formula_277.smt2,10.00000000,0.314875,0.318406,0.112343
LRA_formula_277.smt2,2.34889640,0.315786,0.320830,0.113326
QF_AUFBV_891_sqlite3.smt2,0.00000001,9.871497,12.989098,4.723780
QF_AUFBV_891_sqlite3.smt2,0.00010000,10.310073,14.182599,4.328262
QF_AUFBV_891_sqlite3.smt2,1.00000000,10.177827,13.029781,6.749522
QF_AUFBV_891_sqlite3.smt2,10.00000000,9.227026,11.852235,4.898711
QF_AUFBV_891_sqlite3.smt2,0.00000001,9.675620,12.284551,4.087892
QF_AUFLIA_swap_t1_pp_nf_ai_00010_002.cvc.smt2,0.00000001,0.893902,1.063725,0.129260
QF_AUFLIA_swap_t1_pp_nf_ai_00010_002.cvc.smt2,0.00010000,0.994179,1.197517,0.131788
QF_AUFLIA_swap_t1_pp_nf_ai_00010_002.cvc.smt2,1.00000000,0.925319,1.124502,0.126817
QF_AUFLIA_swap_t1_pp_nf_ai_00010_002.cvc.smt2,10.00000000,0.965569,1.184074,0.127466
QF_AUFLIA_swap_t1_pp_nf_ai_00010_002.cvc.smt2,0.08783507,0.965024,1.186527,0.128523
QF_BV_bench_3176.smt2,0.00000001,131.402655,152.659137,10.264299
QF_BV_bench_3176.smt2,0.00010000,138.213315,159.074702,9.893868
QF_BV_bench_3176.smt2,1.00000000,131.554117,152.331538,9.636271
QF_BV_bench_3176.smt2,10.00000000,132.004783,151.113423,9.718522
QF_BV_bench_3176.smt2,8.21201319,132.016094,149.744328,10.141021
QF_BV_bench_935.smt2,0.00000001,92.561587,96.026691,16.968765
QF_BV_bench_935.smt2,0.00010000,94.901768,99.622549,16.746087
QF_BV_bench_935.smt2,1.00000000,93.488654,97.361021,17.064701
QF_BV_bench_935.smt2,10.00000000,93.759792,96.832776,16.886823
QF_BV_bench_935.smt2,8.21201319,93.924174,97.227982,17.890129
QF_LIA_tightrhombus,0.00000001,0.548714,0.763966,0.772842
QF_LIA_tightrhombus,0.00010000,0.612803,0.814769,0.703705
QF_LIA_tightrhombus,1.00000000,0.594398,0.796145,0.699055
QF_LIA_tightrhombus,10.00000000,0.553965,0.764927,0.728525
QF_LIA_tightrhombus,1.42462730,0.553050,0.770180,0.646765
QF_LRA_clocksynchro_7clocks.worst_case_skew.induct.smt2,0.00000001,0.778229,0.906541,0.055595
QF_LRA_clocksynchro_7clocks.worst_case_skew.induct.smt2,0.00010000,0.748263,0.880705,0.055423
QF_LRA_clocksynchro_7clocks.worst_case_skew.induct.smt2,1.00000000,0.738891,0.872203,0.054297
QF_LRA_clocksynchro_7clocks.worst_case_skew.induct.smt2,10.00000000,0.736312,0.875148,0.054939
QF_LRA_clocksynchro_7clocks.worst_case_skew.induct.smt2,1.03580020,0.720931,0.862388,0.051048
QF_NRA_hong_9.smt2,0.00000001,0.008925,0.016330,0.002062
QF_NRA_hong_9.smt2,0.00010000,0.008635,0.013192,0.002115
QF_NRA_hong_9.smt2,1.00000000,0.009737,0.018623,0.002163
QF_NRA_hong_9.smt2,10.00000000,0.019492,0.025275,0.004798
QF_NRA_hong_9.smt2,0.00000001,0.009522,0.017600,0.002165
QF_RDL_orb08_888.smt2,0.00000001,0.285502,0.352132,0.030546
QF_RDL_orb08_888.smt2,0.00010000,0.262401,0.333325,0.028706
QF_RDL_orb08_888.smt2,1.00000000,0.265549,0.337949,0.028689
QF_RDL_orb08_888.smt2,10.00000000,0.265239,0.337624,0.028401
QF_RDL_orb08_888.smt2,0.00000001,0.251639,0.328047,0.027293
QF_UFLIA_xs_23_43.smt2,0.00000001,7.945140,9.490095,0.367636
QF_UFLIA_xs_23_43.smt2,0.00010000,8.238193,9.602222,0.369563
QF_UFLIA_xs_23_43.smt2,1.00000000,8.106779,9.871732,0.363210
QF_UFLIA_xs_23_43.smt2,10.00000000,8.406701,10.194876,0.367252
QF_UFLIA_xs_23_43.smt2,8.21201319,7.778585,9.501507,0.333095
QF_UF_PEQ018_size6.smt2,0.00000001,158.190131,197.623248,9.971441
QF_UF_PEQ018_size6.smt2,0.00010000,171.442724,211.181984,9.589135
QF_UF_PEQ018_size6.smt2,1.00000000,158.800133,203.445144,9.526552
QF_UF_PEQ018_size6.smt2,10.00000000,170.268916,211.182132,11.002887
QF_UF_PEQ018_size6.smt2,2.34889640,164.956493,208.969913,8.671532
